Kürşat Atılgan,"",Nationalist Movement Party,Adana,http://en.wikipedia.org/wiki/23rd_Parliament_of_Turkey,23
Ömer Çelik,http://en.wikipedia.org/wiki/%C3%96mer_%C3%87elik,Justice and Development Party,Adana,http://en.wikipedia.org/wiki/23rd_Parliament_of_Turkey,23
Nevin Gaye Erbatur,"",Republican People's Party,Adana,http://en.wikipedia.org/wiki/23rd_Parliament_of_Turkey,23
Dengir Mir Mehmet Fırat,"",Justice and Development Party,Adana,http://en.wikipedia.org/wiki/23rd_Parliament_of_Turkey,23
Fatoş Gürkan,http://en.wikipedia.org/wiki/Fato%C5%9F_G%C3%BCrkan,Justice and Development Party,Adana,http://en.wikipedia.org/wiki/23rd_Parliament_of_Turkey,23
Hulusi Güvel,"",Republican People's Party,Adana,http://en.wikipedia.org/wiki/23rd_Parliament_of_Turkey,23
Vahit Kirişçi,"",Justice and Development Party,Adana,http://en.wikipedia.org/wiki/23rd_Parliament_of_Turkey,23
Ali Küçükaydın,"",Justice and Development Party,Adana,http://en.wikipedia.org/wiki/23rd_Parliament_of_Turkey,23
Tacidar Seyhan,"",Republican People's Party,Adana,http://en.wikipedia.org/wiki/23rd_Parliament_of_Turkey,23
Yılmaz Tankut,"",Nationalist Movement Party,Adana,http://en.wikipedia.org/wiki/23rd_Parliament_of_Turkey,23
Necdet Ünüvar,"",Justice and Development Party,Adana,http://en.wikipedia.org/wiki/23rd_Parliament_of_Turkey,23
Muharrem Varlı,"",Nationalist Movement Party,Adana,http://en.wikipedia.org/wiki/23rd_Parliament_of_Turkey,23
Mustafa Vural,"",Republican People's Party,Adana,http://en.wikipedia.org/wiki/23rd_Parliament_of_Turkey,23
Recai Yıldırım,"",Nationalist Movement Party,Adana,http://en.wikipedia.org/wiki/23rd_Parliament_of_Turkey,23
Ahmet Aydın,"",Justice and Development Party,Adıyaman,http://en.wikipedia.org/wiki/23rd_Parliament_of_Turkey,23
Mehmet Erdoğan,"",Justice and Development Party,Adıyaman,http://en.wikipedia.org/wiki/23rd_Parliament_of_Turkey,23
Şevket Gürsoy,"",Justice and Development Party,Adıyaman,http://en.wikipedia.org/wiki/23rd_Parliament_of_Turkey,23
Şevket Köse,"",Republican People's Party,Adıyaman,http://en.wikipedia.org/wiki/23rd_Parliament_of_Turkey,23
Fehmi Hüsrev Kutlu,"",Justice and Development Party,Adıyaman,http://en.wikipedia.org/wiki/23rd_Parliament_of_Turkey,23
Sait Açba,"",Justice and Development Party,Afyonkarahisar,http://en.wikipedia.org/wiki/23rd_Parliament_of_Turkey,23
Abdülkadir Akcan,"",Nationalist Movement Party,Afyonkarahisar,http://en.wikipedia.org/wiki/23rd_Parliament_of_Turkey,23
Zekeriya Aslan,"",Justice and Development Party,Afyonkarahisar,http://en.wikipedia.org/wiki/23rd_Parliament_of_Turkey,23
Halil Aydoğan,"",Justice and Development Party,Afyonkarahisar,http://en.wikipedia.org/wiki/23rd_Parliament_of_Turkey,23
Veysel Eroğlu,http://en.wikipedia.org/wiki/Veysel_Ero%C4%9Flu,Justice and Development Party,Afyonkarahisar,http://en.wikipedia.org/wiki/23rd_Parliament_of_Turkey,23
Ahmet Koca,"",Justice and Development Party,Afyonkarahisar,http://en.wikipedia.org/wiki/23rd_Parliament_of_Turkey,23
Halil Ünlütepe,"",Republican People's Party,Afyonkarahisar,http://en.wikipedia.org/wiki/23rd_Parliament_of_Turkey,23
Mehmet Hanifi Alır,"",Justice and Development Party,Ağrı,http://en.wikipedia.org/wiki/23rd_Parliament_of_Turkey,23
Abdülkerim Aydemir,"",Justice and Development Party,Ağrı,http://en.wikipedia.org/wiki/23rd_Parliament_of_Turkey,23
Yaşar Eryılmaz,"",Justice and Development Party,Ağrı,http://en.wikipedia.org/wiki/23rd_Parliament_of_Turkey,23
Cemal Kaya,"",Justice and Development Party,Ağrı,http://en.wikipedia.org/wiki/23rd_Parliament_of_Turkey,23
Fatma Kotan,"",Justice and Development Party,Ağrı,http://en.wikipedia.org/wiki/23rd_Parliament_of_Turkey,23
Ruhi Açıkgöz,"",Justice and Development Party,Aksaray,http://en.wikipedia.org/wiki/23rd_Parliament_of_Turkey,23
Ali Rıza Alaboyun,"",Justice and Development Party,Aksaray,http://en.wikipedia.org/wiki/23rd_Parliament_of_Turkey,23
Osman Ertuğrul,"",Nationalist Movement Party,Aksaray,http://en.wikipedia.org/wiki/23rd_Parliament_of_Turkey,23
İlknur İnceöz,"",Justice and Development Party,Aksaray,http://en.wikipedia.org/wiki/23rd_Parliament_of_Turkey,23
Akif Gülle,"",Justice and Development Party,Amasya,http://en.wikipedia.org/wiki/23rd_Parliament_of_Turkey,23
Avni Erdemir,"",Justice and Development Party,Amasya,http://en.wikipedia.org/wiki/23rd_Parliament_of_Turkey,23
Hüseyin Ünsal,"",Republican People's Party,Amasya,http://en.wikipedia.org/wiki/23rd_Parliament_of_Turkey,23
Bekir Aksoy,"",Nationalist Movement Party,Ankara,http://en.wikipedia.org/wiki/23rd_Parliament_of_Turkey,23
Ali Babacan,http://en.wikipedia.org/wiki/Ali_Babacan,Justice and Development Party,Ankara,http://en.wikipedia.org/wiki/23rd_Parliament_of_Turkey,23
Nesrin Baytok,"",Republican People's Party,Ankara,http://en.wikipedia.org/wiki/23rd_Parliament_of_Turkey,23
Cemil Çiçek,http://en.wikipedia.org/wiki/Cemil_%C3%87i%C3%A7ek,Justice and Development Party,Ankara,http://en.wikipedia.org/wiki/23rd_Parliament_of_Turkey,23
Zeynep Dağı,"",Justice and Development Party,Ankara,http://en.wikipedia.org/wiki/23rd_Parliament_of_Turkey,23
Eşref Erdem,"",Republican People's Party,Ankara,http://en.wikipedia.org/wiki/23rd_Parliament_of_Turkey,23
Bülent Gedikli,"",Justice and Development Party,Ankara,http://en.wikipedia.org/wiki/23rd_Parliament_of_Turkey,23
Mehmet Emrehan Halıcı,"",Republican People's Party,Ankara,http://en.wikipedia.org/wiki/23rd_Parliament_of_Turkey,23
Burhan Kayatürk,"",Justice and Development Party,Ankara,http://en.wikipedia.org/wiki/23rd_Parliament_of_Turkey,23
Faruk Koca,"",Justice and Development Party,Ankara,http://en.wikipedia.org/wiki/23rd_Parliament_of_Turkey,23
Hakkı Suha Okay,"",Republican People's Party,Ankara,http://en.wikipedia.org/wiki/23rd_Parliament_of_Turkey,23
Mehmet Zekai Özcan,"",Justice and Development Party,Ankara,http://en.wikipedia.org/wiki/23rd_Parliament_of_Turkey,23
Nazmi Haluk Özdalga,"",Justice and Development Party,Ankara,http://en.wikipedia.org/wiki/23rd_Parliament_of_Turkey,23
Önder Sav,http://en.wikipedia.org/wiki/%C3%96nder_Sav,Republican People's Party,Ankara,http://en.wikipedia.org/wiki/23rd_Parliament_of_Turkey,23
Yıldırım Tuğrul Türkeş,"",Nationalist Movement Party,Ankara,http://en.wikipedia.org/wiki/23rd_Parliament_of_Turkey,23
Zekeriya Akıncı,"",Republican People's Party,Ankara,http://en.wikipedia.org/wiki/23rd_Parliament_of_Turkey,23
Aşkın Asan,"",Justice and Development Party,Ankara,http://en.wikipedia.org/wiki/23rd_Parliament_of_Turkey,23
Beşir Atalay,http://en.wikipedia.org/wiki/Be%C5%9Fir_Atalay,Justice and Development Party,Ankara,http://en.wikipedia.org/wiki/23rd_Parliament_of_Turkey,23
Yılmaz Ateş,"",Republican People's Party,Ankara,http://en.wikipedia.org/wiki/23rd_Parliament_of_Turkey,23
Tekin Bingöl,"",Republican People's Party,Ankara,http://en.wikipedia.org/wiki/23rd_Parliament_of_Turkey,23
Ahmet Deniz Bölükbaşı,"",Nationalist Movement Party,Ankara,http://en.wikipedia.org/wiki/23rd_Parliament_of_Turkey,23
Mehmet Zafer Çağlayan,http://en.wikipedia.org/wiki/Mehmet_Zafer_%C3%87a%C4%9Flayan,Justice and Development Party,Ankara,http://en.wikipedia.org/wiki/23rd_Parliament_of_Turkey,23
Reha Denemeç,http://en.wikipedia.org/wiki/Reha_Deneme%C3%A7,Justice and Development Party,Ankara,http://en.wikipedia.org/wiki/23rd_Parliament_of_Turkey,23
Haluk İpek,http://en.wikipedia.org/wiki/Haluk_%C4%B0pek,Justice and Development Party,Ankara,http://en.wikipedia.org/wiki/23rd_Parliament_of_Turkey,23
Ahmet İyimaya,"",Justice and Development Party,Ankara,http://en.wikipedia.org/wiki/23rd_Parliament_of_Turkey,23
Salih Kapusuz,"",Justice and Development Party,Ankara,http://en.wikipedia.org/wiki/23rd_Parliament_of_Turkey,23
Mustafa Cihan Paçacı,"",Nationalist Movement Party,Ankara,http://en.wikipedia.org/wiki/23rd_Parliament_of_Turkey,23
Mücahit Pehlivan,"",Republican People's Party,Ankara,http://en.wikipedia.org/wiki/23rd_Parliament_of_Turkey,23
Mustafa Said Yazıcıoğlu,http://en.wikipedia.org/wiki/Mustafa_Said_Yaz%C4%B1c%C4%B1o%C4%9Flu,Justice and Development Party,Ankara,http://en.wikipedia.org/wiki/23rd_Parliament_of_Turkey,23
Abdurrahman Arıcı,"",Justice and Development Party,Antalya,http://en.wikipedia.org/wiki/23rd_Parliament_of_Turkey,23
Sadık Badak,"",Justice and Development Party,Antalya,http://en.wikipedia.org/wiki/23rd_Parliament_of_Turkey,23
Deniz Baykal,http://en.wikipedia.org/wiki/Deniz_Baykal,Republican People's Party,Antalya,http://en.wikipedia.org/wiki/23rd_Parliament_of_Turkey,23
Mevlüt Çavuşoğlu,http://en.wikipedia.org/wiki/Mevl%C3%BCt_%C3%87avu%C5%9Fo%C4%9Flu,Justice and Development Party,Antalya,http://en.wikipedia.org/wiki/23rd_Parliament_of_Turkey,23
Hüsnü Çöllü,"",Republican People's Party,Antalya,http://en.wikipedia.org/wiki/23rd_Parliament_of_Turkey,23
Atila Emek,"",Republican People's Party,Antalya,http://en.wikipedia.org/wiki/23rd_Parliament_of_Turkey,23
Mehmet Günal,"",Nationalist Movement Party,Antalya,http://en.wikipedia.org/wiki/23rd_Parliament_of_Turkey,23
Yusuf Ziya İrbeç,"",Justice and Development Party,Antalya,http://en.wikipedia.org/wiki/23rd_Parliament_of_Turkey,23
Osman Kaptan,"",Republican People's Party,Antalya,http://en.wikipedia.org/wiki/23rd_Parliament_of_Turkey,23
Tayfur Süner,"",Republican People's Party,Antalya,http://en.wikipedia.org/wiki/23rd_Parliament_of_Turkey,23
Mehmet Ali Şahin,http://en.wikipedia.org/wiki/Mehmet_Ali_%C5%9Eahin,Justice and Development Party,Antalya,http://en.wikipedia.org/wiki/23rd_Parliament_of_Turkey,23
Tunca Toskay,"",Nationalist Movement Party,Antalya,http://en.wikipedia.org/wiki/23rd_Parliament_of_Turkey,23
Hüseyin Yıldız,http://en.wikipedia.org/wiki/H%C3%BCseyin_Y%C4%B1ld%C4%B1z,Nationalist Movement Party,Antalya,http://en.wikipedia.org/wiki/23rd_Parliament_of_Turkey,23
Saffet Kaya,http://en.wikipedia.org/wiki/Saffet_Kaya,Justice and Development Party,Ardahan,http://en.wikipedia.org/wiki/23rd_Parliament_of_Turkey,23
Ensar Öğüt,"",Republican People's Party,Ardahan,http://en.wikipedia.org/wiki/23rd_Parliament_of_Turkey,23
Metin Arifağaoğlu,"",Republican People's Party,Artvin,http://en.wikipedia.org/wiki/23rd_Parliament_of_Turkey,23
Ertekin Çolak,"",Justice and Development Party,Artvin,http://en.wikipedia.org/wiki/23rd_Parliament_of_Turkey,23
Fatih Atay,"",Republican People's Party,Aydın,http://en.wikipedia.org/wiki/23rd_Parliament_of_Turkey,23
Özlem Çerçioğlu,"",Republican People's Party,Aydın,http://en.wikipedia.org/wiki/23rd_Parliament_of_Turkey,23
Mehmet Erdem,"",Justice and Development Party,Aydın,http://en.wikipedia.org/wiki/23rd_Parliament_of_Turkey,23
Ahmet Ertürk,"",Justice and Development Party,Aydın,http://en.wikipedia.org/wiki/23rd_Parliament_of_Turkey,23
Atilla Koç,http://en.wikipedia.org/wiki/Atilla_Ko%C3%A7,Justice and Development Party,Aydın,http://en.wikipedia.org/wiki/23rd_Parliament_of_Turkey,23
Ertuğrul Kumcuoğlu,"",Nationalist Movement Party,Aydın,http://en.wikipedia.org/wiki/23rd_Parliament_of_Turkey,23
Recep Taner,"",Nationalist Movement Party,Aydın,http://en.wikipedia.org/wiki/23rd_Parliament_of_Turkey,23
Ali Uzunırmak,"",Nationalist Movement Party,Aydın,http://en.wikipedia.org/wiki/23rd_Parliament_of_Turkey,23
Ayşe Akbaş,"",Justice and Development Party,Balıkesir,http://en.wikipedia.org/wiki/23rd_Parliament_of_Turkey,23
Ergün Aydoğan,"",Republican People's Party,Balıkesir,http://en.wikipedia.org/wiki/23rd_Parliament_of_Turkey,23
Ahmet Duran Bulut,"",Nationalist Movement Party,Balıkesir,http://en.wikipedia.org/wiki/23rd_Parliament_of_Turkey,23
İsmail Özgün,"",Justice and Development Party,Balıkesir,http://en.wikipedia.org/wiki/23rd_Parliament_of_Turkey,23
Mehmet Cemal Öztaylan,"",Justice and Development Party,Balıkesir,http://en.wikipedia.org/wiki/23rd_Parliament_of_Turkey,23
Hüseyin Pazarcı,"",Republican People's Party,Balıkesir,http://en.wikipedia.org/wiki/23rd_Parliament_of_Turkey,23
Ali Osman Sali,"",Justice and Development Party,Balıkesir,http://en.wikipedia.org/wiki/23rd_Parliament_of_Turkey,23
Ahmet Edip Uğur,"",Justice and Development Party,Balıkesir,http://en.wikipedia.org/wiki/23rd_Parliament_of_Turkey,23
Yılmaz Tunç,"",Justice and Development Party,Bartın,http://en.wikipedia.org/wiki/23rd_Parliament_of_Turkey,23
Muhammed Rıza Yalçınkaya,"",Republican People's Party,Bartın,http://en.wikipedia.org/wiki/23rd_Parliament_of_Turkey,23
Ayla Akat Ata,http://en.wikipedia.org/wiki/Ayla_Akat_Ata,Democratic Society Party,Batman,http://en.wikipedia.org/wiki/23rd_Parliament_of_Turkey,23
Mehmet Emin Ekmen,"",Justice and Development Party,Batman,http://en.wikipedia.org/wiki/23rd_Parliament_of_Turkey,23
Ahmet İnal,"",Justice and Development Party,Batman,http://en.wikipedia.org/wiki/23rd_Parliament_of_Turkey,23
Bengi Yıldız,http://en.wikipedia.org/wiki/Bengi_Y%C4%B1ld%C4%B1z,Democratic Society Party,Batman,http://en.wikipedia.org/wiki/23rd_Parliament_of_Turkey,23
Fetani Battal,"",Justice and Development Party,Bayburt,http://en.wikipedia.org/wiki/23rd_Parliament_of_Turkey,23
Ülkü Gökalp Güney,"",Justice and Development Party,Bayburt,http://en.wikipedia.org/wiki/23rd_Parliament_of_Turkey,23
Fahrettin Poyraz,"",Justice and Development Party,Bilecik,http://en.wikipedia.org/wiki/23rd_Parliament_of_Turkey,23
Yaşar Tüzün,"",Republican People's Party,Bilecik,http://en.wikipedia.org/wiki/23rd_Parliament_of_Turkey,23
Kazım Ataoğlu,"",Justice and Development Party,Bingöl,http://en.wikipedia.org/wiki/23rd_Parliament_of_Turkey,23
Yusuf Coşkun,"",Justice and Development Party,Bingöl,http://en.wikipedia.org/wiki/23rd_Parliament_of_Turkey,23
Cevdet Yılmaz,http://en.wikipedia.org/wiki/Cevdet_Y%C4%B1lmaz,Justice and Development Party,Bingöl,http://en.wikipedia.org/wiki/23rd_Parliament_of_Turkey,23
Zeki Ergezen,http://en.wikipedia.org/wiki/Zeki_Ergezen,Justice and Development Party,Bitlis,http://en.wikipedia.org/wiki/23rd_Parliament_of_Turkey,23
Mehmet Nezir Karabaş,"",Democratic Society Party,Bitlis,http://en.wikipedia.org/wiki/23rd_Parliament_of_Turkey,23
Vahit Kiler,"",Justice and Development Party,Bitlis,http://en.wikipedia.org/wiki/23rd_Parliament_of_Turkey,23
Cemal Taşar,"",Justice and Development Party,Bitlis,http://en.wikipedia.org/wiki/23rd_Parliament_of_Turkey,23
Yüksel Coşkunyürek,"",Justice and Development Party,Bolu,http://en.wikipedia.org/wiki/23rd_Parliament_of_Turkey,23
Fatih Metin,"",Justice and Development Party,Bolu,http://en.wikipedia.org/wiki/23rd_Parliament_of_Turkey,23
Metin Yılmaz,"",Justice and Development Party,Bolu,http://en.wikipedia.org/wiki/23rd_Parliament_of_Turkey,23
Mehmet Alp,"",Justice and Development Party,Burdur,http://en.wikipedia.org/wiki/23rd_Parliament_of_Turkey,23
Bayram Özçelik,"",Justice and Development Party,Burdur,http://en.wikipedia.org/wiki/23rd_Parliament_of_Turkey,23
Ramazan Kerim Özkan,"",Republican People's Party,Burdur,http://en.wikipedia.org/wiki/23rd_Parliament_of_Turkey,23
İsmet Büyükataman,"",Nationalist Movement Party,Bursa,http://en.wikipedia.org/wiki/23rd_Parliament_of_Turkey,23
Hayrettin Çakmak,"",Justice and Development Party,Bursa,http://en.wikipedia.org/wiki/23rd_Parliament_of_Turkey,23
Canan Candemir Çelik,"",Justice and Development Party,Bursa,http://en.wikipedia.org/wiki/23rd_Parliament_of_Turkey,23
Faruk Çelik,http://en.wikipedia.org/wiki/Faruk_%C3%87elik,Justice and Development Party,Bursa,http://en.wikipedia.org/wiki/23rd_Parliament_of_Turkey,23
Kemal Demirel,"",Republican People's Party,Bursa,http://en.wikipedia.org/wiki/23rd_Parliament_of_Turkey,23
Hamza Hamit Homriş,"",Nationalist Movement Party,Bursa,http://en.wikipedia.org/wiki/23rd_Parliament_of_Turkey,23
Mehmet Altan Karapaşaoğlu,"",Justice and Development Party,Bursa,http://en.wikipedia.org/wiki/23rd_Parliament_of_Turkey,23
Sedat Kızılcıklı,"",Justice and Development Party,Bursa,http://en.wikipedia.org/wiki/23rd_Parliament_of_Turkey,23
Ali Koyuncu,"",Justice and Development Party,Bursa,http://en.wikipedia.org/wiki/23rd_Parliament_of_Turkey,23
Ali Kul,"",Justice and Development Party,Bursa,http://en.wikipedia.org/wiki/23rd_Parliament_of_Turkey,23
Mehmet Ocaktan,http://en.wikipedia.org/wiki/Mehmet_Ocaktan,Justice and Development Party,Bursa,http://en.wikipedia.org/wiki/23rd_Parliament_of_Turkey,23
Onur Başaran Öymen,"",Republican People's Party,Bursa,http://en.wikipedia.org/wiki/23rd_Parliament_of_Turkey,23
Necati Özensoy,"",Nationalist Movement Party,Bursa,http://en.wikipedia.org/wiki/23rd_Parliament_of_Turkey,23
Abdullah Özer,"",Republican People's Party,Bursa,http://en.wikipedia.org/wiki/23rd_Parliament_of_Turkey,23
Mehmet Tunçak,"",Justice and Development Party,Bursa,http://en.wikipedia.org/wiki/23rd_Parliament_of_Turkey,23
Mehmet Emin Tutan,"",Justice and Development Party,Bursa,http://en.wikipedia.org/wiki/23rd_Parliament_of_Turkey,23
Mustafa Kemal Cengiz,"",Nationalist Movement Party,Çanakkale,http://en.wikipedia.org/wiki/23rd_Parliament_of_Turkey,23
Mehmet Daniş,"",Justice and Development Party,Çanakkale,http://en.wikipedia.org/wiki/23rd_Parliament_of_Turkey,23
Müjdat Kuşku,"",Justice and Development Party,Çanakkale,http://en.wikipedia.org/wiki/23rd_Parliament_of_Turkey,23
Ahmet Küçük,"",Republican People's Party,Çanakkale,http://en.wikipedia.org/wiki/23rd_Parliament_of_Turkey,23
Nurettin Akman,"",Justice and Development Party,Çankırı,http://en.wikipedia.org/wiki/23rd_Parliament_of_Turkey,23
Ahmet Bukan,"",Nationalist Movement Party,Çankırı,http://en.wikipedia.org/wiki/23rd_Parliament_of_Turkey,23
Suat Kınıklıoğlu,http://en.wikipedia.org/wiki/Suat_K%C4%B1n%C4%B1kl%C4%B1o%C4%9Flu,Justice and Development Party,Çankırı,http://en.wikipedia.org/wiki/23rd_Parliament_of_Turkey,23
Ahmet Aydoğmuş,"",Justice and Development Party,Çorum,http://en.wikipedia.org/wiki/23rd_Parliament_of_Turkey,23
Cahit Bağcı,"",Justice and Development Party,Çorum,http://en.wikipedia.org/wiki/23rd_Parliament_of_Turkey,23
Derviş Günday,"",Republican People's Party,Çorum,http://en.wikipedia.org/wiki/23rd_Parliament_of_Turkey,23
Agah Kafkas,"",Justice and Development Party,Çorum,http://en.wikipedia.org/wiki/23rd_Parliament_of_Turkey,23
Murat Yıldırım,"",Justice and Development Party,Çorum,http://en.wikipedia.org/wiki/23rd_Parliament_of_Turkey,23
Emin Haluk Ayhan,"",Nationalist Movement Party,Denizli,http://en.wikipedia.org/wiki/23rd_Parliament_of_Turkey,23
Mithat Ekici,"",Justice and Development Party,Denizli,http://en.wikipedia.org/wiki/23rd_Parliament_of_Turkey,23
Hasan Erçelebi,"",Republican People's Party,Denizli,http://en.wikipedia.org/wiki/23rd_Parliament_of_Turkey,23
Mehmet Salih Erdoğan,"",Justice and Development Party,Denizli,http://en.wikipedia.org/wiki/23rd_Parliament_of_Turkey,23
Ali Rıza Ertemür,"",Republican People's Party,Denizli,http://en.wikipedia.org/wiki/23rd_Parliament_of_Turkey,23
Selma Aliye Kavaf,http://en.wikipedia.org/wiki/Selma_Aliye_Kavaf,Justice and Development Party,Denizli,http://en.wikipedia.org/wiki/23rd_Parliament_of_Turkey,23
Mehmet Yüksel,"",Justice and Development Party,Denizli,http://en.wikipedia.org/wiki/23rd_Parliament_of_Turkey,23
Abdulhadi Akaydın,"",Justice and Development Party,Diyarbakır,http://en.wikipedia.org/wiki/23rd_Parliament_of_Turkey,23
Kutbettin Arzu,"",Justice and Development Party,Diyarbakır,http://en.wikipedia.org/wiki/23rd_Parliament_of_Turkey,23
Osman Aslan,"",Justice and Development Party,Diyarbakır,http://en.wikipedia.org/wiki/23rd_Parliament_of_Turkey,23
Akın Birdal,http://en.wikipedia.org/wiki/Ak%C4%B1n_Birdal,Democratic Society Party,Diyarbakır,http://en.wikipedia.org/wiki/23rd_Parliament_of_Turkey,23
Selahattin Demirtaş,http://en.wikipedia.org/wiki/Selahattin_Demirta%C5%9F,Democratic Society Party,Diyarbakır,http://en.wikipedia.org/wiki/23rd_Parliament_of_Turkey,23
Mehmet Mehdi Eker,http://en.wikipedia.org/wiki/Mehmet_Mehdi_Eker,Justice and Development Party,Diyarbakır,http://en.wikipedia.org/wiki/23rd_Parliament_of_Turkey,23
Gültan Kışanak,http://en.wikipedia.org/wiki/G%C3%BCltan_K%C4%B1%C5%9Fanak,Democratic Society Party,Diyarbakır,http://en.wikipedia.org/wiki/23rd_Parliament_of_Turkey,23
Abdurrahman Kurt,"",Justice and Development Party,Diyarbakır,http://en.wikipedia.org/wiki/23rd_Parliament_of_Turkey,23
Ali İhsan Merdanoğlu,"",Justice and Development Party,Diyarbakır,http://en.wikipedia.org/wiki/23rd_Parliament_of_Turkey,23
Aysel Tuğluk,http://en.wikipedia.org/wiki/Aysel_Tu%C4%9Fluk,Democratic Society Party,Diyarbakır,http://en.wikipedia.org/wiki/23rd_Parliament_of_Turkey,23
Celal Erbay,"",Justice and Development Party,Düzce,http://en.wikipedia.org/wiki/23rd_Parliament_of_Turkey,23
Metin Kaşıkoğlu,"",Justice and Development Party,Düzce,http://en.wikipedia.org/wiki/23rd_Parliament_of_Turkey,23
Yaşar Yakış,http://en.wikipedia.org/wiki/Ya%C5%9Far_Yak%C4%B1%C5%9F,Justice and Development Party,Düzce,http://en.wikipedia.org/wiki/23rd_Parliament_of_Turkey,23
Necdet Budak,"",Justice and Development Party,Edirne,http://en.wikipedia.org/wiki/23rd_Parliament_of_Turkey,23
Rasim Çakır,"",Republican People's Party,Edirne,http://en.wikipedia.org/wiki/23rd_Parliament_of_Turkey,23
Bilgin Paçarız,"",Republican People's Party,Edirne,http://en.wikipedia.org/wiki/23rd_Parliament_of_Turkey,23
Cemaleddin Uslu,"",Nationalist Movement Party,Edirne,http://en.wikipedia.org/wiki/23rd_Parliament_of_Turkey,23
Mehmet Necati Çetinkaya,"",Justice and Development Party,Elazığ,http://en.wikipedia.org/wiki/23rd_Parliament_of_Turkey,23
Feyzi İşbaşaran,"",Justice and Development Party,Elazığ,http://en.wikipedia.org/wiki/23rd_Parliament_of_Turkey,23
Tahir Öztürk,"",Justice and Development Party,Elazığ,http://en.wikipedia.org/wiki/23rd_Parliament_of_Turkey,23
Faruk Septioğlu,"",Justice and Development Party,Elazığ,http://en.wikipedia.org/wiki/23rd_Parliament_of_Turkey,23
Hamza Yanılmaz,"",Justice and Development Party,Elazığ,http://en.wikipedia.org/wiki/23rd_Parliament_of_Turkey,23
Sebahattin Karakelle,"",Justice and Development Party,Erzincan,http://en.wikipedia.org/wiki/23rd_Parliament_of_Turkey,23
Erol Tınastepe,"",Republican People's Party,Erzincan,http://en.wikipedia.org/wiki/23rd_Parliament_of_Turkey,23
Binali Yıldırım,http://en.wikipedia.org/wiki/Binali_Y%C4%B1ld%C4%B1r%C4%B1m,Justice and Development Party,Erzincan,http://en.wikipedia.org/wiki/23rd_Parliament_of_Turkey,23
Recep Akdağ,http://en.wikipedia.org/wiki/Recep_Akda%C4%9F,Justice and Development Party,Erzurum,http://en.wikipedia.org/wiki/23rd_Parliament_of_Turkey,23
Muhyettin Aksak,"",Justice and Development Party,Erzurum,http://en.wikipedia.org/wiki/23rd_Parliament_of_Turkey,23
Saadettin Aydın,"",Justice and Development Party,Erzurum,http://en.wikipedia.org/wiki/23rd_Parliament_of_Turkey,23
Fazilet Dağcı Çığlık,"",Justice and Development Party,Erzurum,http://en.wikipedia.org/wiki/23rd_Parliament_of_Turkey,23
Zeki Ertugay,"",Nationalist Movement Party,Erzurum,http://en.wikipedia.org/wiki/23rd_Parliament_of_Turkey,23
Muzaffer Gülyurt,"",Justice and Development Party,Erzurum,http://en.wikipedia.org/wiki/23rd_Parliament_of_Turkey,23
İbrahim Kavaz,"",Justice and Development Party,Erzurum,http://en.wikipedia.org/wiki/23rd_Parliament_of_Turkey,23
Beytullah Asil,"",Nationalist Movement Party,Eskişehir,http://en.wikipedia.org/wiki/23rd_Parliament_of_Turkey,23
Hüseyin Tayfun İçli,"",Republican People's Party,Eskişehir,http://en.wikipedia.org/wiki/23rd_Parliament_of_Turkey,23
Hasan Murat Mercan,"",Justice and Development Party,Eskişehir,http://en.wikipedia.org/wiki/23rd_Parliament_of_Turkey,23
Emin Nedim Öztürk,"",Justice and Development Party,Eskişehir,http://en.wikipedia.org/wiki/23rd_Parliament_of_Turkey,23
Fehmi Murat Sönmez,"",Republican People's Party,Eskişehir,http://en.wikipedia.org/wiki/23rd_Parliament_of_Turkey,23
Kemal Unakıtan,http://en.wikipedia.org/wiki/Kemal_Unak%C4%B1tan,Justice and Development Party,Eskişehir,http://en.wikipedia.org/wiki/23rd_Parliament_of_Turkey,23
Yaşar Ağyüz,"",Republican People's Party,Gaziantep,http://en.wikipedia.org/wiki/23rd_Parliament_of_Turkey,23
Mahmut Durdu,"",Justice and Development Party,Gaziantep,http://en.wikipedia.org/wiki/23rd_Parliament_of_Turkey,23
Akif Ekici,"",Republican People's Party,Gaziantep,http://en.wikipedia.org/wiki/23rd_Parliament_of_Turkey,23
Mehmet Erdoğan,"",Justice and Development Party,Gaziantep,http://en.wikipedia.org/wiki/23rd_Parliament_of_Turkey,23
İbrahim Halil Mazıcıoğlu,"",Justice and Development Party,Gaziantep,http://en.wikipedia.org/wiki/23rd_Parliament_of_Turkey,23
Özlem Müftüoğlu,"",Justice and Development Party,Gaziantep,http://en.wikipedia.org/wiki/23rd_Parliament_of_Turkey,23
Hasan Özdemir,http://en.wikipedia.org/wiki/Hasan_%C3%96zdemir,Nationalist Movement Party,Gaziantep,http://en.wikipedia.org/wiki/23rd_Parliament_of_Turkey,23
Mehmet Sarı,"",Justice and Development Party,Gaziantep,http://en.wikipedia.org/wiki/23rd_Parliament_of_Turkey,23
Fatma Şahin,http://en.wikipedia.org/wiki/Fatma_%C5%9Eahin,Justice and Development Party,Gaziantep,http://en.wikipedia.org/wiki/23rd_Parliament_of_Turkey,23
Mehmet Şimşek,http://en.wikipedia.org/wiki/Mehmet_%C5%9Eim%C5%9Fek,Justice and Development Party,Gaziantep,http://en.wikipedia.org/wiki/23rd_Parliament_of_Turkey,23
Nurettin Canikli,http://en.wikipedia.org/wiki/Nurettin_Canikli,Justice and Development Party,Giresun,http://en.wikipedia.org/wiki/23rd_Parliament_of_Turkey,23
Eşref Karaibrahim,"",Republican People's Party,Giresun,http://en.wikipedia.org/wiki/23rd_Parliament_of_Turkey,23
Murat Özkan,"",Nationalist Movement Party,Giresun,http://en.wikipedia.org/wiki/23rd_Parliament_of_Turkey,23
Hacı Hasan Sönmez,"",Justice and Development Party,Giresun,http://en.wikipedia.org/wiki/23rd_Parliament_of_Turkey,23
Ali Temür,"",Justice and Development Party,Giresun,http://en.wikipedia.org/wiki/23rd_Parliament_of_Turkey,23
Kemalettin Aydın,"",Justice and Development Party,Gümüşhane,http://en.wikipedia.org/wiki/23rd_Parliament_of_Turkey,23
Yahya Doğan,"",Justice and Development Party,Gümüşhane,http://en.wikipedia.org/wiki/23rd_Parliament_of_Turkey,23
Hamit Geylani,"",Democratic Society Party,Hakkari,http://en.wikipedia.org/wiki/23rd_Parliament_of_Turkey,23
Abdülmuttalip Özbek,"",Justice and Development Party,Hakkari,http://en.wikipedia.org/wiki/23rd_Parliament_of_Turkey,23
Rüstem Zeydan,"",Justice and Development Party,Hakkari,http://en.wikipedia.org/wiki/23rd_Parliament_of_Turkey,23
Fuat Çay,"",Republican People's Party,Hatay,http://en.wikipedia.org/wiki/23rd_Parliament_of_Turkey,23
Süleyman Turan Çirkin,"",Nationalist Movement Party,Hatay,http://en.wikipedia.org/wiki/23rd_Parliament_of_Turkey,23
Gökhan Durgun,"",Republican People's Party,Hatay,http://en.wikipedia.org/wiki/23rd_Parliament_of_Turkey,23
Sadullah Ergin,http://en.wikipedia.org/wiki/Sadullah_Ergin,Justice and Development Party,Hatay,http://en.wikipedia.org/wiki/23rd_Parliament_of_Turkey,23
Abdülhadi Kahya,"",Justice and Development Party,Hatay,http://en.wikipedia.org/wiki/23rd_Parliament_of_Turkey,23
Orhan Karasayar,"",Justice and Development Party,Hatay,http://en.wikipedia.org/wiki/23rd_Parliament_of_Turkey,23
Mustafa Öztürk,"",Justice and Development Party,Hatay,http://en.wikipedia.org/wiki/23rd_Parliament_of_Turkey,23
Fevzi Şanverdi,"",Justice and Development Party,Hatay,http://en.wikipedia.org/wiki/23rd_Parliament_of_Turkey,23
Abdulaziz Yazar,"",Republican People's Party,Hatay,http://en.wikipedia.org/wiki/23rd_Parliament_of_Turkey,23
İzzettin Yılmaz,"",Nationalist Movement Party,Hatay,http://en.wikipedia.org/wiki/23rd_Parliament_of_Turkey,23
Pervin Buldan,http://en.wikipedia.org/wiki/Pervin_Buldan,Democratic Society Party,Iğdır,http://en.wikipedia.org/wiki/23rd_Parliament_of_Turkey,23
Ali Güner,"",Justice and Development Party,Iğdır,http://en.wikipedia.org/wiki/23rd_Parliament_of_Turkey,23
Süreyya Sadi Bilgiç,"",Justice and Development Party,Isparta,http://en.wikipedia.org/wiki/23rd_Parliament_of_Turkey,23
Mevlüt Coşkuner,"",Republican People's Party,Isparta,http://en.wikipedia.org/wiki/23rd_Parliament_of_Turkey,23
Mehmet Sait Dilek,"",Justice and Development Party,Isparta,http://en.wikipedia.org/wiki/23rd_Parliament_of_Turkey,23
Süleyman Nevzat Korkmaz,"",Nationalist Movement Party,Isparta,http://en.wikipedia.org/wiki/23rd_Parliament_of_Turkey,23
Haydar Kemal Kurt,"",Justice and Development Party,Isparta,http://en.wikipedia.org/wiki/23rd_Parliament_of_Turkey,23
Ayşe Jale Ağırbaş,"",Republican People's Party,İstanbul,http://en.wikipedia.org/wiki/23rd_Parliament_of_Turkey,23
Gündüz Suphi Aktan,"",Nationalist Movement Party,İstanbul,http://en.wikipedia.org/wiki/23rd_Parliament_of_Turkey,23
Mustafa Ataş,"",Justice and Development Party,İstanbul,http://en.wikipedia.org/wiki/23rd_Parliament_of_Turkey,23
Nusret Bayraktar,"",Justice and Development Party,İstanbul,http://en.wikipedia.org/wiki/23rd_Parliament_of_Turkey,23
Hüseyin Besli,"",Justice and Development Party,İstanbul,http://en.wikipedia.org/wiki/23rd_Parliament_of_Turkey,23
Mehmet Beyazıt Denizolgun,"",Justice and Development Party,İstanbul,http://en.wikipedia.org/wiki/23rd_Parliament_of_Turkey,23
Recep Tayyip Erdoğan,http://en.wikipedia.org/wiki/Recep_Tayyip_Erdo%C4%9Fan,Justice and Development Party,İstanbul,http://en.wikipedia.org/wiki/23rd_Parliament_of_Turkey,23
İdris Güllüce,http://en.wikipedia.org/wiki/%C4%B0dris_G%C3%BCll%C3%BCce,Justice and Development Party,İstanbul,http://en.wikipedia.org/wiki/23rd_Parliament_of_Turkey,23
Ertuğrul Günay,http://en.wikipedia.org/wiki/Ertu%C4%9Frul_G%C3%BCnay,Justice and Development Party,İstanbul,http://en.wikipedia.org/wiki/23rd_Parliament_of_Turkey,23
İrfan Gündüz,"",Justice and Development Party,İstanbul,http://en.wikipedia.org/wiki/23rd_Parliament_of_Turkey,23
Algan Hacaloğlu,"",Republican People's Party,İstanbul,http://en.wikipedia.org/wiki/23rd_Parliament_of_Turkey,23
İlhan Kesici,"",Republican People's Party,İstanbul,http://en.wikipedia.org/wiki/23rd_Parliament_of_Turkey,23
Mesude Nursuna Memecan,"",Justice and Development Party,İstanbul,http://en.wikipedia.org/wiki/23rd_Parliament_of_Turkey,23
Bayramali Meral,"",Republican People's Party,İstanbul,http://en.wikipedia.org/wiki/23rd_Parliament_of_Turkey,23
Şinasi Öktem,"",Republican People's Party,İstanbul,http://en.wikipedia.org/wiki/23rd_Parliament_of_Turkey,23
Mehmet Sekmen,"",Justice and Development Party,İstanbul,http://en.wikipedia.org/wiki/23rd_Parliament_of_Turkey,23
Fatma Nur Serter,"",Republican People's Party,İstanbul,http://en.wikipedia.org/wiki/23rd_Parliament_of_Turkey,23
Edibe Sözen,http://en.wikipedia.org/wiki/Edibe_S%C3%B6zen,Justice and Development Party,İstanbul,http://en.wikipedia.org/wiki/23rd_Parliament_of_Turkey,23
Ahmet Tan,"",Republican People's Party,İstanbul,http://en.wikipedia.org/wiki/23rd_Parliament_of_Turkey,23
Ali Topuz,"",Republican People's Party,İstanbul,http://en.wikipedia.org/wiki/23rd_Parliament_of_Turkey,23
Durmuşali Torlak,"",Nationalist Movement Party,İstanbul,http://en.wikipedia.org/wiki/23rd_Parliament_of_Turkey,23
Özlem Piltanoğlu Türköne,"",Justice and Development Party,İstanbul,http://en.wikipedia.org/wiki/23rd_Parliament_of_Turkey,23
Mehmet Ufuk Uras,http://en.wikipedia.org/wiki/Mehmet_Ufuk_Uras,Democratic Society Party,İstanbul,http://en.wikipedia.org/wiki/23rd_Parliament_of_Turkey,23
Hasan Kemal Yardımcı,"",Justice and Development Party,İstanbul,http://en.wikipedia.org/wiki/23rd_Parliament_of_Turkey,23
Necla Arat,"",Republican People's Party,İstanbul,http://en.wikipedia.org/wiki/23rd_Parliament_of_Turkey,23
Egemen Bağış,http://en.wikipedia.org/wiki/Egemen_Ba%C4%9F%C4%B1%C5%9F,Justice and Development Party,İstanbul,http://en.wikipedia.org/wiki/23rd_Parliament_of_Turkey,23
Ayşenur Bahçekapılı,"",Justice and Development Party,İstanbul,http://en.wikipedia.org/wiki/23rd_Parliament_of_Turkey,23
Murat Başesgioğlu,http://en.wikipedia.org/wiki/Murat_Ba%C5%9Fesgio%C4%9Flu,Justice and Development Party,İstanbul,http://en.wikipedia.org/wiki/23rd_Parliament_of_Turkey,23
Necat Birinci,"",Justice and Development Party,İstanbul,http://en.wikipedia.org/wiki/23rd_Parliament_of_Turkey,23
Alaattin Büyükkaya,"",Justice and Development Party,İstanbul,http://en.wikipedia.org/wiki/23rd_Parliament_of_Turkey,23
Nimet Çubukçu,http://en.wikipedia.org/wiki/Nimet_%C3%87ubuk%C3%A7u,Justice and Development Party,İstanbul,http://en.wikipedia.org/wiki/23rd_Parliament_of_Turkey,23
Ömer Dinçer,http://en.wikipedia.org/wiki/%C3%96mer_Din%C3%A7er,Justice and Development Party,İstanbul,http://en.wikipedia.org/wiki/23rd_Parliament_of_Turkey,23
Canan Kalsın,"",Justice and Development Party,İstanbul,http://en.wikipedia.org/wiki/23rd_Parliament_of_Turkey,23
Kemal Kılıçdaroğlu,http://en.wikipedia.org/wiki/Kemal_K%C4%B1l%C4%B1%C3%A7daro%C4%9Flu,Republican People's Party,İstanbul,http://en.wikipedia.org/wiki/23rd_Parliament_of_Turkey,23
Recep Koral,"",Justice and Development Party,İstanbul,http://en.wikipedia.org/wiki/23rd_Parliament_of_Turkey,23
Burhan Kuzu,"",Justice and Development Party,İstanbul,http://en.wikipedia.org/wiki/23rd_Parliament_of_Turkey,23
Mithat Melen,"",Nationalist Movement Party,İstanbul,http://en.wikipedia.org/wiki/23rd_Parliament_of_Turkey,23
Mustafa Özyürek,"",Republican People's Party,İstanbul,http://en.wikipedia.org/wiki/23rd_Parliament_of_Turkey,23
Mehmet Sevigen,"",Republican People's Party,İstanbul,http://en.wikipedia.org/wiki/23rd_Parliament_of_Turkey,23
Çetin Soysal,"",Republican People's Party,İstanbul,http://en.wikipedia.org/wiki/23rd_Parliament_of_Turkey,23
Ümit Şafak,"",Nationalist Movement Party,İstanbul,http://en.wikipedia.org/wiki/23rd_Parliament_of_Turkey,23
Bihlun Tamaylıgil,"",Republican People's Party,İstanbul,http://en.wikipedia.org/wiki/23rd_Parliament_of_Turkey,23
Süleyman Yağız,"",Republican People's Party,İstanbul,http://en.wikipedia.org/wiki/23rd_Parliament_of_Turkey,23
Osman Gazi Yağmurdereli,"",Justice and Development Party,İstanbul,http://en.wikipedia.org/wiki/23rd_Parliament_of_Turkey,23
Hayati Yazıcı,http://en.wikipedia.org/wiki/Hayati_Yaz%C4%B1c%C4%B1,Justice and Development Party,İstanbul,http://en.wikipedia.org/wiki/23rd_Parliament_of_Turkey,23
Abdülkadir Aksu,http://en.wikipedia.org/wiki/Abd%C3%BClkadir_Aksu,Justice and Development Party,İstanbul,http://en.wikipedia.org/wiki/23rd_Parliament_of_Turkey,23
Meral Akşener,http://en.wikipedia.org/wiki/Meral_Ak%C5%9Fener,Nationalist Movement Party,İstanbul,http://en.wikipedia.org/wiki/23rd_Parliament_of_Turkey,23
Güldal Akşit,http://en.wikipedia.org/wiki/G%C3%BCldal_Ak%C5%9Fit,Justice and Development Party,İstanbul,http://en.wikipedia.org/wiki/23rd_Parliament_of_Turkey,23
Lokman Ayva,"",Justice and Development Party,İstanbul,http://en.wikipedia.org/wiki/23rd_Parliament_of_Turkey,23
Fuat Bol,"",Justice and Development Party,İstanbul,http://en.wikipedia.org/wiki/23rd_Parliament_of_Turkey,23
Reha Çamuroğlu,"",Justice and Development Party,İstanbul,http://en.wikipedia.org/wiki/23rd_Parliament_of_Turkey,23
Alev Dedegil,"",Justice and Development Party,İstanbul,http://en.wikipedia.org/wiki/23rd_Parliament_of_Turkey,23
Mehmet Domaç,"",Justice and Development Party,İstanbul,http://en.wikipedia.org/wiki/23rd_Parliament_of_Turkey,23
Nazım Ekren,http://en.wikipedia.org/wiki/Naz%C4%B1m_Ekren,Justice and Development Party,İstanbul,http://en.wikipedia.org/wiki/23rd_Parliament_of_Turkey,23
Mustafa Şükrü Elekdağ,http://en.wikipedia.org/wiki/Mustafa_%C5%9E%C3%BCkr%C3%BC_Elekda%C4%9F,Republican People's Party,İstanbul,http://en.wikipedia.org/wiki/23rd_Parliament_of_Turkey,23
Halide İncekara,"",Justice and Development Party,İstanbul,http://en.wikipedia.org/wiki/23rd_Parliament_of_Turkey,23
Ünal Kacır,"",Justice and Development Party,İstanbul,http://en.wikipedia.org/wiki/23rd_Parliament_of_Turkey,23
Atila Kaya,"",Nationalist Movement Party,İstanbul,http://en.wikipedia.org/wiki/23rd_Parliament_of_Turkey,23
Birgen Keleş,"",Republican People's Party,İstanbul,http://en.wikipedia.org/wiki/23rd_Parliament_of_Turkey,23
Feyzullah Kıyıklık,"",Justice and Development Party,İstanbul,http://en.wikipedia.org/wiki/23rd_Parliament_of_Turkey,23
Esfender Korkmaz,"",Republican People's Party,İstanbul,http://en.wikipedia.org/wiki/23rd_Parliament_of_Turkey,23
Hasan Macit,"",Republican People's Party,İstanbul,http://en.wikipedia.org/wiki/23rd_Parliament_of_Turkey,23
Hüseyin Mert,"",Republican People's Party,İstanbul,http://en.wikipedia.org/wiki/23rd_Parliament_of_Turkey,23
Mehmet Müezzinoğlu,http://en.wikipedia.org/wiki/Mehmet_M%C3%BCezzino%C4%9Flu,Justice and Development Party,İstanbul,http://en.wikipedia.org/wiki/23rd_Parliament_of_Turkey,23
Mehmet Cihat Özönder,"",Nationalist Movement Party,İstanbul,http://en.wikipedia.org/wiki/23rd_Parliament_of_Turkey,23
Mehmet Ali Özpolat,"",Republican People's Party,İstanbul,http://en.wikipedia.org/wiki/23rd_Parliament_of_Turkey,23
İdris Naim Şahin,http://en.wikipedia.org/wiki/%C4%B0dris_Naim_%C5%9Eahin,Justice and Development Party,İstanbul,http://en.wikipedia.org/wiki/23rd_Parliament_of_Turkey,23
Sebahat Tuncel,http://en.wikipedia.org/wiki/Sebahat_Tuncel,Democratic Society Party,İstanbul,http://en.wikipedia.org/wiki/23rd_Parliament_of_Turkey,23
Sacid Yıldız,"",Republican People's Party,İstanbul,http://en.wikipedia.org/wiki/23rd_Parliament_of_Turkey,23
İbrahim Yiğit,"",Justice and Development Party,İstanbul,http://en.wikipedia.org/wiki/23rd_Parliament_of_Turkey,23
Mehmet Aydın,http://en.wikipedia.org/wiki/Mehmet_Ayd%C4%B1n,Justice and Development Party,İzmir,http://en.wikipedia.org/wiki/23rd_Parliament_of_Turkey,23
Şenol Bal,"",Nationalist Movement Party,İzmir,http://en.wikipedia.org/wiki/23rd_Parliament_of_Turkey,23
Bülent Baratalı,"",Republican People's Party,İzmir,http://en.wikipedia.org/wiki/23rd_Parliament_of_Turkey,23
Ahmet Ersin,"",Republican People's Party,İzmir,http://en.wikipedia.org/wiki/23rd_Parliament_of_Turkey,23
Abdurrezzak Erten,"",Republican People's Party,İzmir,http://en.wikipedia.org/wiki/23rd_Parliament_of_Turkey,23
Fatma Seniha Nükhet Hotar,"",Justice and Development Party,İzmir,http://en.wikipedia.org/wiki/23rd_Parliament_of_Turkey,23
İbrahim Hasgür,"",Justice and Development Party,İzmir,http://en.wikipedia.org/wiki/23rd_Parliament_of_Turkey,23
Şükran Güldal Mumcu,"",Republican People's Party,İzmir,http://en.wikipedia.org/wiki/23rd_Parliament_of_Turkey,23
Harun Öztürk,"",Republican People's Party,İzmir,http://en.wikipedia.org/wiki/23rd_Parliament_of_Turkey,23
Mehmet Sayım Tekelioğlu,"",Justice and Development Party,İzmir,http://en.wikipedia.org/wiki/23rd_Parliament_of_Turkey,23
Tuğrul Yemişçi,"",Justice and Development Party,İzmir,http://en.wikipedia.org/wiki/23rd_Parliament_of_Turkey,23
Oktay Vural,http://en.wikipedia.org/wiki/Oktay_Vural,Nationalist Movement Party,İzmir,http://en.wikipedia.org/wiki/23rd_Parliament_of_Turkey,23
Selçuk Ayhan,"",Republican People's Party,İzmir,http://en.wikipedia.org/wiki/23rd_Parliament_of_Turkey,23
Taha Aksoy,"",Justice and Development Party,İzmir,http://en.wikipedia.org/wiki/23rd_Parliament_of_Turkey,23
Kıvılcım Kemal Anadol,"",Republican People's Party,İzmir,http://en.wikipedia.org/wiki/23rd_Parliament_of_Turkey,23
Canan Aritman,"",Republican People's Party,İzmir,http://en.wikipedia.org/wiki/23rd_Parliament_of_Turkey,23
Recai Birgün,"",Republican People's Party,İzmir,http://en.wikipedia.org/wiki/23rd_Parliament_of_Turkey,23
Mehmet Vecdi Gönül,http://en.wikipedia.org/wiki/Mehmet_Vecdi_G%C3%B6n%C3%BCl,Justice and Development Party,İzmir,http://en.wikipedia.org/wiki/23rd_Parliament_of_Turkey,23
Erdal Kalkan,"",Justice and Development Party,İzmir,http://en.wikipedia.org/wiki/23rd_Parliament_of_Turkey,23
İsmail Katmerci,"",Justice and Development Party,İzmir,http://en.wikipedia.org/wiki/23rd_Parliament_of_Turkey,23
Oğuz Oyan,"",Republican People's Party,İzmir,http://en.wikipedia.org/wiki/23rd_Parliament_of_Turkey,23
Kamil Erdal Sipahi,"",Nationalist Movement Party,İzmir,http://en.wikipedia.org/wiki/23rd_Parliament_of_Turkey,23
Mehmet Ali Susam,"",Republican People's Party,İzmir,http://en.wikipedia.org/wiki/23rd_Parliament_of_Turkey,23
Ahmet Kenan Tanrıkulu,"",Nationalist Movement Party,İzmir,http://en.wikipedia.org/wiki/23rd_Parliament_of_Turkey,23
Fatih Arıkan,"",Justice and Development Party,Kahramanmaraş,http://en.wikipedia.org/wiki/23rd_Parliament_of_Turkey,23
Avni Doğan,"",Justice and Development Party,Kahramanmaraş,http://en.wikipedia.org/wiki/23rd_Parliament_of_Turkey,23
Veysi Kaynak,"",Justice and Development Party,Kahramanmaraş,http://en.wikipedia.org/wiki/23rd_Parliament_of_Turkey,23
Durdu Özbolat,"",Republican People's Party,Kahramanmaraş,http://en.wikipedia.org/wiki/23rd_Parliament_of_Turkey,23
Nevzat Pakdil,"",Justice and Development Party,Kahramanmaraş,http://en.wikipedia.org/wiki/23rd_Parliament_of_Turkey,23
Mehmet Akif Paksoy,"",Nationalist Movement Party,Kahramanmaraş,http://en.wikipedia.org/wiki/23rd_Parliament_of_Turkey,23
Mehmet Sağlam,"",Justice and Development Party,Kahramanmaraş,http://en.wikipedia.org/wiki/23rd_Parliament_of_Turkey,23
Cafer Tatlıbal,"",Justice and Development Party,Kahramanmaraş,http://en.wikipedia.org/wiki/23rd_Parliament_of_Turkey,23
Mehmet Ceylan,"",Justice and Development Party,Karabük,http://en.wikipedia.org/wiki/23rd_Parliament_of_Turkey,23
Cumhur Ünal,"",Justice and Development Party,Karabük,http://en.wikipedia.org/wiki/23rd_Parliament_of_Turkey,23
Mustafa Ünal,"",Justice and Development Party,Karabük,http://en.wikipedia.org/wiki/23rd_Parliament_of_Turkey,23
Mevlüt Akgün,"",Justice and Development Party,Karaman,http://en.wikipedia.org/wiki/23rd_Parliament_of_Turkey,23
Hasan Çalış,"",Nationalist Movement Party,Karaman,http://en.wikipedia.org/wiki/23rd_Parliament_of_Turkey,23
Lütfi Elvan,http://en.wikipedia.org/wiki/L%C3%BCtfi_Elvan,Justice and Development Party,Karaman,http://en.wikipedia.org/wiki/23rd_Parliament_of_Turkey,23
Gürcan Dağdaş,"",Nationalist Movement Party,Kars,http://en.wikipedia.org/wiki/23rd_Parliament_of_Turkey,23
Mahmut Esat Güven,"",Justice and Development Party,Kars,http://en.wikipedia.org/wiki/23rd_Parliament_of_Turkey,23
Zeki Karabayır,"",Justice and Development Party,Kars,http://en.wikipedia.org/wiki/23rd_Parliament_of_Turkey,23
Hasan Altan,"",Justice and Development Party,Kastamonu,http://en.wikipedia.org/wiki/23rd_Parliament_of_Turkey,23
Hakkı Köylü,"",Justice and Development Party,Kastamonu,http://en.wikipedia.org/wiki/23rd_Parliament_of_Turkey,23
Mehmet Serdaroğlu,"",Nationalist Movement Party,Kastamonu,http://en.wikipedia.org/wiki/23rd_Parliament_of_Turkey,23
Musa Sıvacıoğlu,"",Justice and Development Party,Kastamonu,http://en.wikipedia.org/wiki/23rd_Parliament_of_Turkey,23
Sabahattin Çakmakoğlu,"",Nationalist Movement Party,Kayseri,http://en.wikipedia.org/wiki/23rd_Parliament_of_Turkey,23
Mustafa Elitaş,"",Justice and Development Party,Kayseri,http://en.wikipedia.org/wiki/23rd_Parliament_of_Turkey,23
Abdullah Gül,http://en.wikipedia.org/wiki/Abdullah_G%C3%BCl,Justice and Development Party,Kayseri,http://en.wikipedia.org/wiki/23rd_Parliament_of_Turkey,23
Yaşar Karayel,"",Justice and Development Party,Kayseri,http://en.wikipedia.org/wiki/23rd_Parliament_of_Turkey,23
Mehmet Şevki Kulkuloğlu,"",Republican People's Party,Kayseri,http://en.wikipedia.org/wiki/23rd_Parliament_of_Turkey,23
Ahmet Öksüzkaya,"",Justice and Development Party,Kayseri,http://en.wikipedia.org/wiki/23rd_Parliament_of_Turkey,23
Sadık Yakut,"",Justice and Development Party,Kayseri,http://en.wikipedia.org/wiki/23rd_Parliament_of_Turkey,23
Taner Yıldız,http://en.wikipedia.org/wiki/Taner_Y%C4%B1ld%C4%B1z,Justice and Development Party,Kayseri,http://en.wikipedia.org/wiki/23rd_Parliament_of_Turkey,23
Osman Durmuş,http://en.wikipedia.org/wiki/Osman_Durmu%C5%9F,Nationalist Movement Party,Kırıkkale,http://en.wikipedia.org/wiki/23rd_Parliament_of_Turkey,23
Vahit Erdem,"",Justice and Development Party,Kırıkkale,http://en.wikipedia.org/wiki/23rd_Parliament_of_Turkey,23
Turan Kıratlı,"",Justice and Development Party,Kırıkkale,http://en.wikipedia.org/wiki/23rd_Parliament_of_Turkey,23
Mustafa Özbayrak,"",Justice and Development Party,Kırıkkale,http://en.wikipedia.org/wiki/23rd_Parliament_of_Turkey,23
Tansel Barış,"",Republican People's Party,Kırklareli,http://en.wikipedia.org/wiki/23rd_Parliament_of_Turkey,23
Turgut Dibek,"",Republican People's Party,Kırklareli,http://en.wikipedia.org/wiki/23rd_Parliament_of_Turkey,23
Ahmet Gökhan Sarıçam,"",Justice and Development Party,Kırklareli,http://en.wikipedia.org/wiki/23rd_Parliament_of_Turkey,23
Mikail Arslan,"",Justice and Development Party,Kırşehir,http://en.wikipedia.org/wiki/23rd_Parliament_of_Turkey,23
Abdullah Çalışkan,"",Justice and Development Party,Kırşehir,http://en.wikipedia.org/wiki/23rd_Parliament_of_Turkey,23
Metin Çobanoğlu,"",Nationalist Movement Party,Kırşehir,http://en.wikipedia.org/wiki/23rd_Parliament_of_Turkey,23
Hüseyin Devecioğlu,"",Justice and Development Party,Kilis,http://en.wikipedia.org/wiki/23rd_Parliament_of_Turkey,23
Hasan Kara,"",Justice and Development Party,Kilis,http://en.wikipedia.org/wiki/23rd_Parliament_of_Turkey,23
Eyüp Ayar,"",Justice and Development Party,Kocaeli,http://en.wikipedia.org/wiki/23rd_Parliament_of_Turkey,23
Muzaffer Baştopçu,"",Justice and Development Party,Kocaeli,http://en.wikipedia.org/wiki/23rd_Parliament_of_Turkey,23
Cumali Durmuş,"",Nationalist Movement Party,Kocaeli,http://en.wikipedia.org/wiki/23rd_Parliament_of_Turkey,23
Hikmet Erenkaya,"",Republican People's Party,Kocaeli,http://en.wikipedia.org/wiki/23rd_Parliament_of_Turkey,23
Nihat Ergün,http://en.wikipedia.org/wiki/Nihat_Erg%C3%BCn,Justice and Development Party,Kocaeli,http://en.wikipedia.org/wiki/23rd_Parliament_of_Turkey,23
Azize Sibel Gönül,"",Justice and Development Party,Kocaeli,http://en.wikipedia.org/wiki/23rd_Parliament_of_Turkey,23
Fikri Işık,http://en.wikipedia.org/wiki/Fikri_I%C5%9F%C4%B1k,Justice and Development Party,Kocaeli,http://en.wikipedia.org/wiki/23rd_Parliament_of_Turkey,23
Osman Pepe,http://en.wikipedia.org/wiki/Osman_Pepe,Justice and Development Party,Kocaeli,http://en.wikipedia.org/wiki/23rd_Parliament_of_Turkey,23
Mehmet Cevdet Selvi,"",Republican People's Party,Kocaeli,http://en.wikipedia.org/wiki/23rd_Parliament_of_Turkey,23
Hasan Angı,"",Justice and Development Party,Konya,http://en.wikipedia.org/wiki/23rd_Parliament_of_Turkey,23
Faruk Bal,"",Nationalist Movement Party,Konya,http://en.wikipedia.org/wiki/23rd_Parliament_of_Turkey,23
Ahmet Büyükakkaşlar,"",Justice and Development Party,Konya,http://en.wikipedia.org/wiki/23rd_Parliament_of_Turkey,23
Muharrem Candan,"",Justice and Development Party,Konya,http://en.wikipedia.org/wiki/23rd_Parliament_of_Turkey,23
Abdullah Çetinkaya,"",Justice and Development Party,Konya,http://en.wikipedia.org/wiki/23rd_Parliament_of_Turkey,23
Orhan Erdem,"",Justice and Development Party,Konya,http://en.wikipedia.org/wiki/23rd_Parliament_of_Turkey,23
Sami Güçlü,http://en.wikipedia.org/wiki/Sami_G%C3%BC%C3%A7l%C3%BC,Justice and Development Party,Konya,http://en.wikipedia.org/wiki/23rd_Parliament_of_Turkey,23
Mustafa Kabakçı,"",Justice and Development Party,Konya,http://en.wikipedia.org/wiki/23rd_Parliament_of_Turkey,23
Mustafa Kalaycı,"",Nationalist Movement Party,Konya,http://en.wikipedia.org/wiki/23rd_Parliament_of_Turkey,23
Atilla Kart,"",Republican People's Party,Konya,http://en.wikipedia.org/wiki/23rd_Parliament_of_Turkey,23
Özkan Öksüz,"",Justice and Development Party,Konya,http://en.wikipedia.org/wiki/23rd_Parliament_of_Turkey,23
Kerim Özkul,"",Justice and Development Party,Konya,http://en.wikipedia.org/wiki/23rd_Parliament_of_Turkey,23
Ali Öztürk,"",Justice and Development Party,Konya,http://en.wikipedia.org/wiki/23rd_Parliament_of_Turkey,23
Hüsnü Tuna,"",Justice and Development Party,Konya,http://en.wikipedia.org/wiki/23rd_Parliament_of_Turkey,23
Harun Tüfekci,"",Justice and Development Party,Konya,http://en.wikipedia.org/wiki/23rd_Parliament_of_Turkey,23
Ayşe Türkmenoğlu,"",Justice and Development Party,Konya,http://en.wikipedia.org/wiki/23rd_Parliament_of_Turkey,23
Soner Aksoy,"",Justice and Development Party,Kütahya,http://en.wikipedia.org/wiki/23rd_Parliament_of_Turkey,23
İsmail Hakkı Biçer,"",Justice and Development Party,Kütahya,http://en.wikipedia.org/wiki/23rd_Parliament_of_Turkey,23
Alim Işık,"",Nationalist Movement Party,Kütahya,http://en.wikipedia.org/wiki/23rd_Parliament_of_Turkey,23
Hasan Fehmi Kinay,"",Justice and Development Party,Kütahya,http://en.wikipedia.org/wiki/23rd_Parliament_of_Turkey,23
Hüsnü Ordu,"",Justice and Development Party,Kütahya,http://en.wikipedia.org/wiki/23rd_Parliament_of_Turkey,23
Hüseyin Tuğcu,"",Justice and Development Party,Kütahya,http://en.wikipedia.org/wiki/23rd_Parliament_of_Turkey,23
Ferit Mevlüt Aslanoğlu,"",Republican People's Party,Malatya,http://en.wikipedia.org/wiki/23rd_Parliament_of_Turkey,23
Öznur Çalık,"",Justice and Development Party,Malatya,http://en.wikipedia.org/wiki/23rd_Parliament_of_Turkey,23
Mahmut Mücahit Fındıklı,"",Justice and Development Party,Malatya,http://en.wikipedia.org/wiki/23rd_Parliament_of_Turkey,23
İhsan Koca,"",Justice and Development Party,Malatya,http://en.wikipedia.org/wiki/23rd_Parliament_of_Turkey,23
Fuat Ölmeztoprak,"",Justice and Development Party,Malatya,http://en.wikipedia.org/wiki/23rd_Parliament_of_Turkey,23
Ömer Faruk Öz,"",Justice and Development Party,Malatya,http://en.wikipedia.org/wiki/23rd_Parliament_of_Turkey,23
Mehmet Şahin,"",Justice and Development Party,Malatya,http://en.wikipedia.org/wiki/23rd_Parliament_of_Turkey,23
Erkan Akçay,"",Nationalist Movement Party,Manisa,http://en.wikipedia.org/wiki/23rd_Parliament_of_Turkey,23
Bülent Arınç,http://en.wikipedia.org/wiki/B%C3%BClent_Ar%C4%B1n%C3%A7,Justice and Development Party,Manisa,http://en.wikipedia.org/wiki/23rd_Parliament_of_Turkey,23
Recai Berber,"",Justice and Development Party,Manisa,http://en.wikipedia.org/wiki/23rd_Parliament_of_Turkey,23
İsmail Bilen,"",Justice and Development Party,Manisa,http://en.wikipedia.org/wiki/23rd_Parliament_of_Turkey,23
Mehmet Çerçi,"",Justice and Development Party,Manisa,http://en.wikipedia.org/wiki/23rd_Parliament_of_Turkey,23
Mustafa Enöz,"",Nationalist Movement Party,Manisa,http://en.wikipedia.org/wiki/23rd_Parliament_of_Turkey,23
Şahin Mengü,"",Republican People's Party,Manisa,http://en.wikipedia.org/wiki/23rd_Parliament_of_Turkey,23
Ahmet Orhan,"",Nationalist Movement Party,Manisa,http://en.wikipedia.org/wiki/23rd_Parliament_of_Turkey,23
Hüseyin Tanrıverdi,"",Justice and Development Party,Manisa,http://en.wikipedia.org/wiki/23rd_Parliament_of_Turkey,23
Mustafa Erdoğan Yetenç,"",Republican People's Party,Manisa,http://en.wikipedia.org/wiki/23rd_Parliament_of_Turkey,23
Emine Ayna,http://en.wikipedia.org/wiki/Emine_Ayna,Democratic Society Party,Mardin,http://en.wikipedia.org/wiki/23rd_Parliament_of_Turkey,23
Süleyman Çelebi,"",Justice and Development Party,Mardin,http://en.wikipedia.org/wiki/23rd_Parliament_of_Turkey,23
Mehmet Halit Demir,"",Justice and Development Party,Mardin,http://en.wikipedia.org/wiki/23rd_Parliament_of_Turkey,23
Gönül Bekin Şahkulubey,"",Justice and Development Party,Mardin,http://en.wikipedia.org/wiki/23rd_Parliament_of_Turkey,23
Ahmet Türk,http://en.wikipedia.org/wiki/Ahmet_T%C3%BCrk,Democratic Society Party,Mardin,http://en.wikipedia.org/wiki/23rd_Parliament_of_Turkey,23
Cüneyt Yüksel,"",Justice and Development Party,Mardin,http://en.wikipedia.org/wiki/23rd_Parliament_of_Turkey,23
Akif Akkuş,"",Nationalist Movement Party,Mersin,http://en.wikipedia.org/wiki/23rd_Parliament_of_Turkey,23
Behiç Çelik,"",Nationalist Movement Party,Mersin,http://en.wikipedia.org/wiki/23rd_Parliament_of_Turkey,23
Ali Er,"",Justice and Development Party,Mersin,http://en.wikipedia.org/wiki/23rd_Parliament_of_Turkey,23
İsa Gök,"",Republican People's Party,Mersin,http://en.wikipedia.org/wiki/23rd_Parliament_of_Turkey,23
Ömer İnan,"",Justice and Development Party,Mersin,http://en.wikipedia.org/wiki/23rd_Parliament_of_Turkey,23
Ali Oksal,"",Republican People's Party,Mersin,http://en.wikipedia.org/wiki/23rd_Parliament_of_Turkey,23
Ali Rıza Öztürk,"",Republican People's Party,Mersin,http://en.wikipedia.org/wiki/23rd_Parliament_of_Turkey,23
Vahap Seçer,"",Republican People's Party,Mersin,http://en.wikipedia.org/wiki/23rd_Parliament_of_Turkey,23
Mehmet Şandır,"",Nationalist Movement Party,Mersin,http://en.wikipedia.org/wiki/23rd_Parliament_of_Turkey,23
Kürşad Tüzmen,http://en.wikipedia.org/wiki/K%C3%BCr%C5%9Fad_T%C3%BCzmen,Justice and Development Party,Mersin,http://en.wikipedia.org/wiki/23rd_Parliament_of_Turkey,23
Kadir Ural,"",Nationalist Movement Party,Mersin,http://en.wikipedia.org/wiki/23rd_Parliament_of_Turkey,23
Mehmet Zafer Üskül,"",Justice and Development Party,Mersin,http://en.wikipedia.org/wiki/23rd_Parliament_of_Turkey,23
Ali Arslan,"",Republican People's Party,Muğla,http://en.wikipedia.org/wiki/23rd_Parliament_of_Turkey,23
Gürol Ergin,"",Republican People's Party,Muğla,http://en.wikipedia.org/wiki/23rd_Parliament_of_Turkey,23
Metin Ergün,"",Nationalist Movement Party,Muğla,http://en.wikipedia.org/wiki/23rd_Parliament_of_Turkey,23
Mehmet Nil Hıdır,"",Justice and Development Party,Muğla,http://en.wikipedia.org/wiki/23rd_Parliament_of_Turkey,23
Yüksel Özden,"",Justice and Development Party,Muğla,http://en.wikipedia.org/wiki/23rd_Parliament_of_Turkey,23
Fevzi Topuz,"",Republican People's Party,Muğla,http://en.wikipedia.org/wiki/23rd_Parliament_of_Turkey,23
Seracettin Karayağız,"",Justice and Development Party,Muş,http://en.wikipedia.org/wiki/23rd_Parliament_of_Turkey,23
Sırrı Sakık,http://en.wikipedia.org/wiki/S%C4%B1rr%C4%B1_Sak%C4%B1k,Democratic Society Party,Muş,http://en.wikipedia.org/wiki/23rd_Parliament_of_Turkey,23
Mehmet Nuri Yaman,"",Democratic Society Party,Muş,http://en.wikipedia.org/wiki/23rd_Parliament_of_Turkey,23
Medeni Yılmaz,"",Justice and Development Party,Muş,http://en.wikipedia.org/wiki/23rd_Parliament_of_Turkey,23
Mahmut Dede,"",Justice and Development Party,Nevşehir,http://en.wikipedia.org/wiki/23rd_Parliament_of_Turkey,23
Ahmet Erdal Feralan,"",Justice and Development Party,Nevşehir,http://en.wikipedia.org/wiki/23rd_Parliament_of_Turkey,23
Rıtvan Köybaşı,"",Justice and Development Party,Nevşehir,http://en.wikipedia.org/wiki/23rd_Parliament_of_Turkey,23
İsmail Göksel,"",Justice and Development Party,Niğde,http://en.wikipedia.org/wiki/23rd_Parliament_of_Turkey,23
Mümin İnan,"",Nationalist Movement Party,Niğde,http://en.wikipedia.org/wiki/23rd_Parliament_of_Turkey,23
Muharrem Selamoğlu,"",Justice and Development Party,Niğde,http://en.wikipedia.org/wiki/23rd_Parliament_of_Turkey,23
Eyüp Fatsa,"",Justice and Development Party,Ordu,http://en.wikipedia.org/wiki/23rd_Parliament_of_Turkey,23
Mehmet Hilmi Güler,http://en.wikipedia.org/wiki/Mehmet_Hilmi_G%C3%BCler,Justice and Development Party,Ordu,http://en.wikipedia.org/wiki/23rd_Parliament_of_Turkey,23
Rahmi Güner,"",Republican People's Party,Ordu,http://en.wikipedia.org/wiki/23rd_Parliament_of_Turkey,23
Mustafa Hamarat,"",Justice and Development Party,Ordu,http://en.wikipedia.org/wiki/23rd_Parliament_of_Turkey,23
Rıdvan Yalçın,"",Nationalist Movement Party,Ordu,http://en.wikipedia.org/wiki/23rd_Parliament_of_Turkey,23
Ayhan Yılmaz,"",Justice and Development Party,Ordu,http://en.wikipedia.org/wiki/23rd_Parliament_of_Turkey,23
Enver Yılmaz,"",Justice and Development Party,Ordu,http://en.wikipedia.org/wiki/23rd_Parliament_of_Turkey,23
Devlet Bahçeli,http://en.wikipedia.org/wiki/Devlet_Bah%C3%A7eli,Nationalist Movement Party,Osmaniye,http://en.wikipedia.org/wiki/23rd_Parliament_of_Turkey,23
Hakan Coşkun,"",Nationalist Movement Party,Osmaniye,http://en.wikipedia.org/wiki/23rd_Parliament_of_Turkey,23
İbrahim Mete Doğruer,"",Justice and Development Party,Osmaniye,http://en.wikipedia.org/wiki/23rd_Parliament_of_Turkey,23
Durdu Mehmet Kastal,"",Justice and Development Party,Osmaniye,http://en.wikipedia.org/wiki/23rd_Parliament_of_Turkey,23
Bayram Ali Bayramoğlu,"",Justice and Development Party,Rize,http://en.wikipedia.org/wiki/23rd_Parliament_of_Turkey,23
Lütfi Çırakoğlu,"",Justice and Development Party,Rize,http://en.wikipedia.org/wiki/23rd_Parliament_of_Turkey,23
Ahmet Mesut Yılmaz,http://en.wikipedia.org/wiki/Ahmet_Mesut_Y%C4%B1lmaz,Independent,Rize,http://en.wikipedia.org/wiki/23rd_Parliament_of_Turkey,23
Erol Aslan Cebeci,"",Justice and Development Party,Sakarya,http://en.wikipedia.org/wiki/23rd_Parliament_of_Turkey,23
Hasan Ali Çelik,"",Justice and Development Party,Sakarya,http://en.wikipedia.org/wiki/23rd_Parliament_of_Turkey,23
Şaban Dişli,"",Justice and Development Party,Sakarya,http://en.wikipedia.org/wiki/23rd_Parliament_of_Turkey,23
Münir Kutluata,"",Nationalist Movement Party,Sakarya,http://en.wikipedia.org/wiki/23rd_Parliament_of_Turkey,23
Ayhan Sefer Üstün,"",Justice and Development Party,Sakarya,http://en.wikipedia.org/wiki/23rd_Parliament_of_Turkey,23
Recep Yıldırım,"",Justice and Development Party,Sakarya,http://en.wikipedia.org/wiki/23rd_Parliament_of_Turkey,23
Suat Binici,"",Republican People's Party,Samsun,http://en.wikipedia.org/wiki/23rd_Parliament_of_Turkey,23
Osman Çakır,"",Nationalist Movement Party,Samsun,http://en.wikipedia.org/wiki/23rd_Parliament_of_Turkey,23
Mustafa Demir,"",Justice and Development Party,Samsun,http://en.wikipedia.org/wiki/23rd_Parliament_of_Turkey,23
Cemal Yılmaz Demir,"",Justice and Development Party,Samsun,http://en.wikipedia.org/wiki/23rd_Parliament_of_Turkey,23
Suat Kılıç,http://en.wikipedia.org/wiki/Suat_K%C4%B1l%C4%B1%C3%A7,Justice and Development Party,Samsun,http://en.wikipedia.org/wiki/23rd_Parliament_of_Turkey,23
Haluk Koç,http://en.wikipedia.org/wiki/Haluk_Ko%C3%A7,Republican People's Party,Samsun,http://en.wikipedia.org/wiki/23rd_Parliament_of_Turkey,23
Fatih Öztürk,"",Justice and Development Party,Samsun,http://en.wikipedia.org/wiki/23rd_Parliament_of_Turkey,23
Birnur Şahinoğlu,"",Justice and Development Party,Samsun,http://en.wikipedia.org/wiki/23rd_Parliament_of_Turkey,23
Ahmet Yeni,"",Justice and Development Party,Samsun,http://en.wikipedia.org/wiki/23rd_Parliament_of_Turkey,23
Afif Demirkıran,"",Justice and Development Party,Siirt,http://en.wikipedia.org/wiki/23rd_Parliament_of_Turkey,23
Memet Yılmaz Helvacıoğlu,"",Justice and Development Party,Siirt,http://en.wikipedia.org/wiki/23rd_Parliament_of_Turkey,23
Osman Özçelik,"",Independent,Siirt,http://en.wikipedia.org/wiki/23rd_Parliament_of_Turkey,23
Engin Altay,http://en.wikipedia.org/wiki/Engin_Altay,Republican People's Party,Sinop,http://en.wikipedia.org/wiki/23rd_Parliament_of_Turkey,23
Abdurrahman Dodurgalı,"",Justice and Development Party,Sinop,http://en.wikipedia.org/wiki/23rd_Parliament_of_Turkey,23
Kadir Tıngıroğlu,"",Justice and Development Party,Sinop,http://en.wikipedia.org/wiki/23rd_Parliament_of_Turkey,23
Mehmet Mustafa Açıkalın,"",Justice and Development Party,Sivas,http://en.wikipedia.org/wiki/23rd_Parliament_of_Turkey,23
Osman Kılıç,"",Justice and Development Party,Sivas,http://en.wikipedia.org/wiki/23rd_Parliament_of_Turkey,23
Malik Ecder Özdemir,"",Republican People's Party,Sivas,http://en.wikipedia.org/wiki/23rd_Parliament_of_Turkey,23
Selami Uzun,"",Justice and Development Party,Sivas,http://en.wikipedia.org/wiki/23rd_Parliament_of_Turkey,23
Muhsin Yazıcıoğlu,http://en.wikipedia.org/wiki/Muhsin_Yaz%C4%B1c%C4%B1o%C4%9Flu,Independent,Sivas,http://en.wikipedia.org/wiki/23rd_Parliament_of_Turkey,23
Hamza Yerlikaya,http://en.wikipedia.org/wiki/Hamza_Yerlikaya,Justice and Development Party,Sivas,http://en.wikipedia.org/wiki/23rd_Parliament_of_Turkey,23
Yahya Akman,"",Justice and Development Party,Şanlıurfa,http://en.wikipedia.org/wiki/23rd_Parliament_of_Turkey,23
Ramazan Başak,"",Justice and Development Party,Şanlıurfa,http://en.wikipedia.org/wiki/23rd_Parliament_of_Turkey,23
İbrahim Binici,"",Democratic Society Party,Şanlıurfa,http://en.wikipedia.org/wiki/23rd_Parliament_of_Turkey,23
Sabahattin Cevheri,"",Democratic Society Party,Şanlıurfa,http://en.wikipedia.org/wiki/23rd_Parliament_of_Turkey,23
Seyit Eyyüpoğlu,"",Justice and Development Party,Şanlıurfa,http://en.wikipedia.org/wiki/23rd_Parliament_of_Turkey,23
Eyyüp Cenap Gülpınar,"",Justice and Development Party,Şanlıurfa,http://en.wikipedia.org/wiki/23rd_Parliament_of_Turkey,23
Zülfükar İzol,"",Justice and Development Party,Şanlıurfa,http://en.wikipedia.org/wiki/23rd_Parliament_of_Turkey,23
Mustafa Kuş,"",Justice and Development Party,Şanlıurfa,http://en.wikipedia.org/wiki/23rd_Parliament_of_Turkey,23
Abdulkadir Emin Önen,"",Justice and Development Party,Şanlıurfa,http://en.wikipedia.org/wiki/23rd_Parliament_of_Turkey,23
Çağla Aktemur Özyavuz,"",Justice and Development Party,Şanlıurfa,http://en.wikipedia.org/wiki/23rd_Parliament_of_Turkey,23
Abdurrahman Müfit Yetkin,"",Justice and Development Party,Şanlıurfa,http://en.wikipedia.org/wiki/23rd_Parliament_of_Turkey,23
Sevahir Bayındır,http://en.wikipedia.org/wiki/Sevahir_Bay%C4%B1nd%C4%B1r,Democratic Society Party,Şırnak,http://en.wikipedia.org/wiki/23rd_Parliament_of_Turkey,23
Hasip Kaplan,"",Democratic Society Party,Şırnak,http://en.wikipedia.org/wiki/23rd_Parliament_of_Turkey,23
Abdullah Veli Seyda,"",Justice and Development Party,Şırnak,http://en.wikipedia.org/wiki/23rd_Parliament_of_Turkey,23
Tevfik Ziyaeddin Akbulut,"",Justice and Development Party,Tekirdağ,http://en.wikipedia.org/wiki/23rd_Parliament_of_Turkey,23
Kemalettin Nalcı,"",Nationalist Movement Party,Tekirdağ,http://en.wikipedia.org/wiki/23rd_Parliament_of_Turkey,23
Faik Öztrak,"",Republican People's Party,Tekirdağ,http://en.wikipedia.org/wiki/23rd_Parliament_of_Turkey,23
Necip Taylan,"",Justice and Development Party,Tekirdağ,http://en.wikipedia.org/wiki/23rd_Parliament_of_Turkey,23
Enis Tütüncü,"",Republican People's Party,Tekirdağ,http://en.wikipedia.org/wiki/23rd_Parliament_of_Turkey,23
Zeyid Aslan,"",Justice and Development Party,Tokat,http://en.wikipedia.org/wiki/23rd_Parliament_of_Turkey,23
Şükrü Ayalan,"",Justice and Development Party,Tokat,http://en.wikipedia.org/wiki/23rd_Parliament_of_Turkey,23
Osman Demir,"",Justice and Development Party,Tokat,http://en.wikipedia.org/wiki/23rd_Parliament_of_Turkey,23
Orhan Ziya Diren,"",Republican People's Party,Tokat,http://en.wikipedia.org/wiki/23rd_Parliament_of_Turkey,23
Reşat Doğru,"",Nationalist Movement Party,Tokat,http://en.wikipedia.org/wiki/23rd_Parliament_of_Turkey,23
Hüseyin Gülsün,"",Justice and Development Party,Tokat,http://en.wikipedia.org/wiki/23rd_Parliament_of_Turkey,23
Dilek Yüksel,"",Justice and Development Party,Tokat,http://en.wikipedia.org/wiki/23rd_Parliament_of_Turkey,23
Asım Aykan,"",Justice and Development Party,Trabzon,http://en.wikipedia.org/wiki/23rd_Parliament_of_Turkey,23
Mustafa Cumur,"",Justice and Development Party,Trabzon,http://en.wikipedia.org/wiki/23rd_Parliament_of_Turkey,23
Cevdet Erdöl,"",Justice and Development Party,Trabzon,http://en.wikipedia.org/wiki/23rd_Parliament_of_Turkey,23
Kemalettin Göktaş,"",Justice and Development Party,Trabzon,http://en.wikipedia.org/wiki/23rd_Parliament_of_Turkey,23
Mehmet Akif Hamzaçebi,"",Republican People's Party,Trabzon,http://en.wikipedia.org/wiki/23rd_Parliament_of_Turkey,23
Faruk Nafız Özak,http://en.wikipedia.org/wiki/Faruk_Naf%C4%B1z_%C3%96zak,Justice and Development Party,Trabzon,http://en.wikipedia.org/wiki/23rd_Parliament_of_Turkey,23
Safiye Seymenoğlu,"",Justice and Development Party,Trabzon,http://en.wikipedia.org/wiki/23rd_Parliament_of_Turkey,23
Süleyman Latif Yunusoğlu,"",Nationalist Movement Party,Trabzon,http://en.wikipedia.org/wiki/23rd_Parliament_of_Turkey,23
Kamer Genç,http://en.wikipedia.org/wiki/Kamer_Gen%C3%A7,Republican People's Party,Tunceli,http://en.wikipedia.org/wiki/23rd_Parliament_of_Turkey,23
Şerafettin Halis,"",Democratic Society Party,Tunceli,http://en.wikipedia.org/wiki/23rd_Parliament_of_Turkey,23
Osman Coşkunoğlu,"",Republican People's Party,Uşak,http://en.wikipedia.org/wiki/23rd_Parliament_of_Turkey,23
Mustafa Çetin,"",Justice and Development Party,Uşak,http://en.wikipedia.org/wiki/23rd_Parliament_of_Turkey,23
Nuri Uslu,"",Justice and Development Party,Uşak,http://en.wikipedia.org/wiki/23rd_Parliament_of_Turkey,23
Kerem Altun,"",Justice and Development Party,Van,http://en.wikipedia.org/wiki/23rd_Parliament_of_Turkey,23
Hüseyin Çelik,http://en.wikipedia.org/wiki/H%C3%BCseyin_%C3%87elik,Justice and Development Party,Van,http://en.wikipedia.org/wiki/23rd_Parliament_of_Turkey,23
İkram Dinçer,"",Justice and Development Party,Van,http://en.wikipedia.org/wiki/23rd_Parliament_of_Turkey,23
Fatma Kurtulan,http://en.wikipedia.org/wiki/Fatma_Kurtulan,Democratic Society Party,Van,http://en.wikipedia.org/wiki/23rd_Parliament_of_Turkey,23
Gülşen Orhan,"",Justice and Development Party,Van,http://en.wikipedia.org/wiki/23rd_Parliament_of_Turkey,23
Kayhan Türkmenoğlu,"",Justice and Development Party,Van,http://en.wikipedia.org/wiki/23rd_Parliament_of_Turkey,23
Özdal Üçer,"",Democratic Society Party,Van,http://en.wikipedia.org/wiki/23rd_Parliament_of_Turkey,23
İlhan Evcin,"",Justice and Development Party,Yalova,http://en.wikipedia.org/wiki/23rd_Parliament_of_Turkey,23
Muharrem İnce,http://en.wikipedia.org/wiki/Muharrem_%C4%B0nce,Republican People's Party,Yalova,http://en.wikipedia.org/wiki/23rd_Parliament_of_Turkey,23
Abdulkadir Akgül,"",Justice and Development Party,Yozgat,http://en.wikipedia.org/wiki/23rd_Parliament_of_Turkey,23
Bekir Bozdağ,http://en.wikipedia.org/wiki/Bekir_Bozda%C4%9F,Justice and Development Party,Yozgat,http://en.wikipedia.org/wiki/23rd_Parliament_of_Turkey,23
Osman Coşkun,"",Justice and Development Party,Yozgat,http://en.wikipedia.org/wiki/23rd_Parliament_of_Turkey,23
Mehmet Çiçek,"",Justice and Development Party,Yozgat,http://en.wikipedia.org/wiki/23rd_Parliament_of_Turkey,23
Mehmet Ekici,"",Nationalist Movement Party,Yozgat,http://en.wikipedia.org/wiki/23rd_Parliament_of_Turkey,23
Mehmet Yaşar Öztürk,"",Justice and Development Party,Yozgat,http://en.wikipedia.org/wiki/23rd_Parliament_of_Turkey,23
Fazlı Erdoğan,"",Justice and Development Party,Zonguldak,http://en.wikipedia.org/wiki/23rd_Parliament_of_Turkey,23
Ali Koçal,"",Republican People's Party,Zonguldak,http://en.wikipedia.org/wiki/23rd_Parliament_of_Turkey,23
Ali İhsan Köktürk,"",Republican People's Party,Zonguldak,http://en.wikipedia.org/wiki/23rd_Parliament_of_Turkey,23
Köksal Toptan,http://en.wikipedia.org/wiki/K%C3%B6ksal_Toptan,Justice and Development Party,Zonguldak,http://en.wikipedia.org/wiki/23rd_Parliament_of_Turkey,23
Polat Türkmen,"",Justice and Development Party,Zonguldak,http://en.wikipedia.org/wiki/23rd_Parliament_of_Turkey,23
